{"lr": 8.900071890726109e-06, "data_time": 0.0015182971954345703, "loss": 1.3147007048130035, "time": 0.19599311351776122, "epoch": 1, "memory": 1534, "step": 100}
{"lr": 1.687994248741916e-05, "data_time": 0.0013937234878540039, "loss": 1.1071382284164428, "time": 0.19449994564056397, "epoch": 1, "memory": 1533, "step": 200}
{"lr": 2.485981308411217e-05, "data_time": 0.001314234733581543, "loss": 1.1635903000831604, "time": 0.19443905353546143, "epoch": 1, "memory": 1533, "step": 300}
{"lr": 3.283968368080519e-05, "data_time": 0.0011687040328979491, "loss": 1.289199274778366, "time": 0.194478440284729, "epoch": 1, "memory": 1533, "step": 400}
{"lr": 4.0819554277498285e-05, "data_time": 0.0016539573669433593, "loss": 1.1841951727867126, "time": 0.1948152542114258, "epoch": 1, "memory": 1533, "step": 500}
{"lr": 4.8799424874191315e-05, "data_time": 0.001805734634399414, "loss": 1.3561582684516906, "time": 0.212896466255188, "epoch": 1, "memory": 1533, "step": 600}
