{"lr": 1.6801405975395456e-05, "data_time": 0.0015441417694091798, "loss": 1.300758820772171, "time": 0.3399953842163086, "epoch": 1, "memory": 2615, "step": 100}
{"lr": 3.276242211215858e-05, "data_time": 0.0014220714569091798, "loss": 1.2940963983535767, "time": 0.34118549823760985, "epoch": 1, "memory": 2615, "step": 200}
{"lr": 4.8723438248921684e-05, "data_time": 0.001279306411743164, "loss": 1.3477813839912414, "time": 0.3531535863876343, "epoch": 1, "memory": 2615, "step": 300}
{"lr": 6.468445438568478e-05, "data_time": 0.0013180971145629883, "loss": 1.1634219288825989, "time": 0.34234840869903566, "epoch": 1, "memory": 2615, "step": 400}
{"lr": 8.064547052244782e-05, "data_time": 0.001518082618713379, "loss": 1.304479968547821, "time": 0.36553752422332764, "epoch": 1, "memory": 2615, "step": 500}
{"lr": 9.660648665921076e-05, "data_time": 0.0014232873916625976, "loss": 1.2042115807533265, "time": 0.3429953813552856, "epoch": 1, "memory": 2615, "step": 600}
{"lr": 0.00011256750279597371, "data_time": 0.0013178586959838867, "loss": 1.182913339138031, "time": 0.3454699754714966, "epoch": 1, "memory": 2615, "step": 700}
{"lr": 0.0001285285189327367, "data_time": 0.0014592409133911133, "loss": 1.2322847068309783, "time": 0.34302005767822263, "epoch": 1, "memory": 2615, "step": 800}
{"lr": 0.00014448953506949973, "data_time": 0.001515507698059082, "loss": 1.1583272993564606, "time": 0.3503941535949707, "epoch": 1, "memory": 2615, "step": 900}
{"lr": 0.00016045055120626303, "data_time": 0.001562190055847168, "loss": 1.2126785099506379, "time": 0.3535237550735474, "epoch": 1, "memory": 2615, "step": 1000}
