{"lr": 1.6801405975395456e-05, "data_time": 0.0016307353973388672, "loss": 1.4080432593822478, "time": 0.34193294048309325, "epoch": 1, "memory": 2615, "step": 100}
{"lr": 3.276242211215858e-05, "data_time": 0.0017008066177368164, "loss": 1.2411391258239746, "time": 0.3426761865615845, "epoch": 1, "memory": 2615, "step": 200}
{"lr": 4.8723438248921684e-05, "data_time": 0.001325845718383789, "loss": 1.3228783130645752, "time": 0.34352433681488037, "epoch": 1, "memory": 2615, "step": 300}
