{"lr": 1.6801405975395456e-05, "data_time": 0.0012020826339721679, "loss": 1.2803512513637543, "time": 0.33951990604400634, "epoch": 1, "memory": 2615, "step": 100}
{"lr": 3.276242211215858e-05, "data_time": 0.0015291213989257813, "loss": 1.0695671081542968, "time": 0.34095537662506104, "epoch": 1, "memory": 2615, "step": 200}
{"lr": 4.8723438248921684e-05, "data_time": 0.0013451099395751954, "loss": 1.4092367470264435, "time": 0.34280340671539306, "epoch": 1, "memory": 2615, "step": 300}
{"lr": 6.468445438568478e-05, "data_time": 0.001422286033630371, "loss": 1.150344479084015, "time": 0.34276015758514405, "epoch": 1, "memory": 2615, "step": 400}
{"lr": 8.064547052244782e-05, "data_time": 0.00167391300201416, "loss": 1.3199742555618286, "time": 0.3423431158065796, "epoch": 1, "memory": 2615, "step": 500}
{"lr": 9.660648665921076e-05, "data_time": 0.00162353515625, "loss": 1.2614592552185058, "time": 0.3422049045562744, "epoch": 1, "memory": 2615, "step": 600}
{"lr": 0.00011256750279597371, "data_time": 0.0016371965408325194, "loss": 1.1613032460212707, "time": 0.34308950901031493, "epoch": 1, "memory": 2615, "step": 700}
{"lr": 0.0001285285189327367, "data_time": 0.0014104843139648438, "loss": 1.26611829996109, "time": 0.34197120666503905, "epoch": 1, "memory": 2615, "step": 800}
{"lr": 0.00014448953506949973, "data_time": 0.0017112493515014648, "loss": 1.280875313282013, "time": 0.34175684452056887, "epoch": 1, "memory": 2615, "step": 900}
{"lr": 0.00016045055120626303, "data_time": 0.0015181779861450195, "loss": 1.2305436372756957, "time": 0.342225456237793, "epoch": 1, "memory": 2615, "step": 1000}
{"lr": 0.00017641156734302644, "data_time": 0.0012521743774414062, "loss": 1.1702956020832063, "time": 0.34167118072509767, "epoch": 1, "memory": 2615, "step": 1100}
{"lr": 0.00019237258347978964, "data_time": 0.0012991666793823243, "loss": 1.103246021270752, "time": 0.34286515712738036, "epoch": 1, "memory": 2615, "step": 1200}
{"accuracy/top1": 73.57512664794922, "accuracy/top5": 97.92745971679688, "data_time": 0.4458798885345459, "time": 0.551657943725586, "step": 1}
{"lr": 0.00021663332800767005, "data_time": 0.0011806249618530273, "loss": 1.1942942023277283, "time": 0.34256253242492674, "epoch": 2, "memory": 2615, "step": 1352}
{"lr": 0.0002325943441444333, "data_time": 0.001246476173400879, "loss": 0.9903779745101928, "time": 0.3424553394317627, "epoch": 2, "memory": 2615, "step": 1452}
{"lr": 0.000248555360281196, "data_time": 0.001112079620361328, "loss": 1.1428712606430054, "time": 0.3432133436203003, "epoch": 2, "memory": 2615, "step": 1552}
{"lr": 0.000264516376417959, "data_time": 0.0012606382369995117, "loss": 1.2613647818565368, "time": 0.34252002239227297, "epoch": 2, "memory": 2615, "step": 1652}
{"lr": 0.00028047739255472213, "data_time": 0.001043224334716797, "loss": 1.1788775324821472, "time": 0.342378568649292, "epoch": 2, "memory": 2615, "step": 1752}
{"lr": 0.0002964384086914856, "data_time": 0.0016139030456542968, "loss": 0.9688281774520874, "time": 0.34423563480377195, "epoch": 2, "memory": 2615, "step": 1852}
{"lr": 0.0003123994248282485, "data_time": 0.0012011051177978516, "loss": 1.3095632672309876, "time": 0.3427790641784668, "epoch": 2, "memory": 2615, "step": 1952}
{"lr": 0.00032836044096501215, "data_time": 0.0014032602310180664, "loss": 1.1633898198604584, "time": 0.3428480625152588, "epoch": 2, "memory": 2615, "step": 2052}
{"lr": 0.0003443214571017756, "data_time": 0.001376509666442871, "loss": 1.128674817085266, "time": 0.34336750507354735, "epoch": 2, "memory": 2615, "step": 2152}
{"lr": 0.000360282473238539, "data_time": 0.0013028383255004883, "loss": 1.2293899476528167, "time": 0.3427941083908081, "epoch": 2, "memory": 2615, "step": 2252}
{"lr": 0.0003762434893753022, "data_time": 0.0015454769134521484, "loss": 1.1523333370685578, "time": 0.34259977340698244, "epoch": 2, "memory": 2615, "step": 2352}
{"lr": 0.00039220450551206553, "data_time": 0.0012552976608276368, "loss": 1.0885002493858338, "time": 0.34247138500213625, "epoch": 2, "memory": 2615, "step": 2452}
{"accuracy/top1": 64.76683807373047, "accuracy/top5": 98.44559478759766, "data_time": 0.004284317676837628, "time": 0.09695190649766189, "step": 2}
{"lr": 0.00041646525003994505, "data_time": 0.001382160186767578, "loss": 1.240319848060608, "time": 0.3421879529953003, "epoch": 3, "memory": 2615, "step": 2604}
{"lr": 0.0004324262661767087, "data_time": 0.0012706995010375976, "loss": 1.3342647433280945, "time": 0.3422802448272705, "epoch": 3, "memory": 2615, "step": 2704}
{"lr": 0.00044838728231347166, "data_time": 0.0013149261474609375, "loss": 1.1576002836227417, "time": 0.3434976816177368, "epoch": 3, "memory": 2615, "step": 2804}
{"lr": 0.0004643482984502349, "data_time": 0.001510310173034668, "loss": 1.1317923009395598, "time": 0.3421391725540161, "epoch": 3, "memory": 2615, "step": 2904}
{"lr": 0.0004803093145869982, "data_time": 0.0014012813568115234, "loss": 1.31586811542511, "time": 0.3473599672317505, "epoch": 3, "memory": 2615, "step": 3004}
{"lr": 0.000496270330723762, "data_time": 0.0014075279235839845, "loss": 1.284319943189621, "time": 0.34418344497680664, "epoch": 3, "memory": 2615, "step": 3104}
{"lr": 0.0005122313468605256, "data_time": 0.0013658523559570313, "loss": 1.3056745111942292, "time": 0.34145369529724123, "epoch": 3, "memory": 2615, "step": 3204}
{"lr": 0.0005281923629972887, "data_time": 0.0012598752975463868, "loss": 1.2872377634048462, "time": 0.34279565811157225, "epoch": 3, "memory": 2615, "step": 3304}
{"lr": 0.0005441533791340521, "data_time": 0.0014572620391845703, "loss": 1.2053124964237214, "time": 0.34212617874145507, "epoch": 3, "memory": 2615, "step": 3404}
{"lr": 0.0005601143952708159, "data_time": 0.0010158777236938476, "loss": 1.3096331000328063, "time": 0.34197683334350587, "epoch": 3, "memory": 2615, "step": 3504}
