{"lr": 8.900071890726109e-06, "data_time": 0.0013160943984985352, "loss": 1.4789834856986999, "time": 0.193877649307251, "epoch": 1, "memory": 1534, "step": 100}
{"lr": 1.687994248741916e-05, "data_time": 0.0012792348861694336, "loss": 1.414006119966507, "time": 0.1933389663696289, "epoch": 1, "memory": 1533, "step": 200}
{"lr": 2.485981308411217e-05, "data_time": 0.0014130830764770507, "loss": 1.1593275547027588, "time": 0.19438087940216064, "epoch": 1, "memory": 1533, "step": 300}
