{"lr": 1.6801405975395456e-05, "data_time": 0.001600360870361328, "loss": 1.3134507656097412, "time": 0.33883042335510255, "epoch": 1, "memory": 2614, "step": 100}
