{"lr": 1.6801405975395456e-05, "data_time": 0.001431751251220703, "loss": 1.3702029824256896, "time": 0.3404588460922241, "epoch": 1, "memory": 2618, "step": 100}
